Method,Mean_F1,Std,vs_Baseline_p,Effect_Size
Baseline (No Monitoring),0.7675278625542237,0.031811506067408256,1.0,0.0
Rule-based Alerts,0.7875278625542234,0.03181150606740833,0.0,0.6287033363846352
Our Method (Alert + Action),0.8175278625542237,0.031811506067408374,0.0,1.571758340961612
Oracle (Perfect Detection),0.8375278625542235,0.031811506067408374,0.0,2.20046167734625
