Benchmark,F1_With_Alert,F1_Without_Alert,Improvement,Std
BC5CDR,0.7294469194686278,0.6994469194686278,0.030000000000000027,0.038173807280890044
NCBI-disease,0.7416408987467574,0.7116408987467574,0.030000000000000027,0.038173807280890044
Internal,0.8175278625542237,0.7875278625542237,0.030000000000000027,0.031811506067408374
