Component,Mean_F1
Full Model,0.8175278625542237
- Structural Alert,0.8134012969642433
- Relational Alert,0.8172419266900954
- Action Mechanism,0.8117416746446496
