Category,Mean_NER_F1,Alert_Rate
By Complexity Q1,0.8248734501260572,0.43111746127237177
By Complexity Q2,0.83062002959798,0.38856376493538164
By Complexity Q3,0.8255400229511158,0.4014642342774844
By Complexity Q4,0.7891761572298986,0.42002763762573514
Rare Diseases,0.8175262947884917,0.4127055538318337
Common Diseases,0.8256125168798957,0.16
