,Low,Medium,High,Very High
Low,0.6530601383714741,0.19483767961681744,0.08536455561468867,0.06673762639701969
Medium,0.21265636497424578,0.26514594064262936,0.25876870247731176,0.2634289919058131
High,0.10250320619389161,0.266945328456752,0.3160594689592932,0.3144919963900632
Very High,0.07553529886530884,0.2744623273038029,0.3181408156482932,0.33186155818259505
