Context,N_CUIs,N_Obs,Rare_Rate,Avg_Complexity,ATE_Simple,ATE_Adjusted
0,11743,26561,1.0,7.126915402281541,-0.001164126191325332,-0.002330960798127728
1,1470,3693,1.0,12.40806932033577,-0.0003042773451827907,-0.0011552204674118
2,22073,44611,1.0,3.0269440272578514,-0.00367459281213367,-0.006701226076201919
4,12364,54055,1.0,3.05697900286745,-0.03941575652409346,-0.037604338194063745
