Test,DiD_Estimate,Substantive
ROPE = ±0.03,-0.05816267859938277,Yes
ROPE = ±0.05,-0.05816267859938277,Yes
ROPE = ±0.07,-0.05816267859938277,No
Subsample 70%,-0.05825217127225857,Yes
Subsample 80%,-0.058603236117119595,Yes
Subsample 90%,-0.05857646955020797,Yes
